I,Q,alpha,gamma,c,width
34.32192621488706,1.7976232147075502,0.023778773726539037,0.012695109077148837,16.07390404977764,0.07080161225071774
18.594831441908987,2.0108750765288783,0.06815560743771841,4.340327749947422e-18,0.11347820653233726,0.16049419057559977
19.79641620008628,2.0550511847414055,0.014633952098146203,0.004159586900746324,0.11195457840552359,0.039124577059100434
711.8261966855134,2.9152571893798953,0.012190103057010475,0.01972375506772365,3.7930573114746604,0.055162943698488814
0.05144238833996491,-1.4887862990771608,2.0944236203710025,2.0063055094732296,4.3068374507081763e-35,7.418852055432302
33.53566846255996,3.453803230572109,1.4547927918802462e-13,0.07315229841942456,14.312428090990087,0.14630504323301866
101.24716058124967,4.1290689458408485,0.017444562968940244,0.02349899715343322,0.12429373953963778,0.07166432534544538
221.70218367350583,5.059151298786371,1.4683935139346525e-17,0.06440926315215334,6.512432255230887,0.12881891934622275
21.12218639073262,5.215485987427794,0.09630114513946268,7.2257896880378356e-09,3.5057417800354446e-06,0.22677187465965593
