I,Q,alpha,gamma,c,width
63.38124814246122,1.7918282617082497,0.008365131405127124,0.016132357140868053,4.219509946112015,0.0420178359982851
24.295274413803035,2.0469780777894386,1.72460321032217e-13,0.07040637710717645,4.223806472121831,0.14081318385220323
1017.875750221018,2.92459536181091,0.011226131457295795,0.01266338866034577,3.169634337109131,0.04248401779000571
28.615008267630934,3.5300972994232187,1.7173925988161485e-07,0.2434625321538182,0.8161640409624763,0.48692654997908624
36.232359368789105,3.4327283603820766,0.01887635851033176,0.009063355253465357,0.26624729024458377,0.054934438597951996
138.79552838761825,4.145688312886909,0.017812716280236073,0.011959466590212067,5.794195695897058,0.05618481974953905
232.7470584896622,5.070938981776065,0.009183367681516393,0.03286361744805451,1.8112633305385328e-13,0.0725994317674154
43.385928180752856,5.1179794147569275,0.21425434069916466,1.6256228539233016e-12,2.4763308975054518e-14,0.5045304162150215
