I,Q,alpha,gamma,c,width
33.764649901146,1.7956879088686775,2.299120693328077e-16,0.0300390741399199,8.577417861688561,0.0600783315860085
29.211659888172925,2.0303991192102337,0.07223893164864162,0.026529557153997164,7.553856984809961e-05,0.20025807856851213
379.4748740512022,2.929299176709642,0.009443447753827737,0.013539065275227479,2.829049818355782,0.040036256433595305
407.59804617308936,2.917032573069789,0.013013496304031626,0.016696189085914737,0.5652877224533902,0.052211452621001186
28.227960295086515,3.54326663717779,7.765757616912068e-08,0.22364918145085222,0.7280978356052902,0.4472997276667037
21.67747175990225,3.434777880843526,0.01646728772324591,0.017372352560007794,0.00019045018196171094,0.06058847872353114
103.60895060130999,4.144344892005057,0.020521843446206407,0.013599712455438605,3.3374603883252654,0.06449651485263212
68.89010388783022,5.0877021575971915,0.1527269187579305,0.05563927207734354,0.3641810860375973,0.422843662963574
163.55690080932456,5.070590585178868,0.018360721278048178,0.033033105298418436,0.3641810324360734,0.08837342206438946
