I,Q,alpha,gamma,c,width
41.98154289988953,1.80523535156041,0.0249421801164473,0.01816458719919431,18.96125080990043,0.08054108232373144
25.95655777607033,2.0362046256237534,0.06296000016487334,1.2048079827473757e-17,0.0006843375286960548,0.1482594704233956
680.8503448538511,2.914532533639274,0.006204421145729419,0.025107051999987633,4.292049480285812,0.05440544963804657
8.467229252971924e-09,-48.57250707040834,4.999895673528282,4.999999996249335,0.0002894135741374088,18.006317964029485
27.246370843532738,3.533797448481016,2.8738580562597536e-07,0.1559644496398173,6.891591795358275,0.31192985101646126
32.06066451852328,3.4332625652951743,0.014706768786858993,0.02912197315556169,0.10425485477068126,0.07511613749726576
93.1612683140387,4.125818577327865,0.011973351331604931,0.029863825109358887,1.6019378297479578,0.07152408971679589
211.9079519657582,5.057656374162869,8.310510788823498e-29,0.0649888777304231,4.742132832423361,0.12997815203971974
33.00213721751694,5.187166686971689,2.0727808845116027e-16,0.10720535700161152,0.0022326521907257146,0.2144113681979284
