I,Q,alpha,gamma,c,width
41.986966514387596,1.8186106915730418,0.03636597620489288,6.852749996596855e-19,19.375867305735312,0.08563532972440029
41.717516632547444,2.0356658989568364,0.13054327507967267,1.1393817471610537e-14,1.124332505876351e-14,0.30740592090161456
515.8726022873095,2.912853404137429,0.00359029728646272,0.02963657629571958,12.655782986420467,0.06053982505171582
59.94963127010205,2.995261338515056,0.020898087261313838,1.192017271634283e-18,0.0016107212095844425,0.04921123478574776
43.05737095768949,3.489116084373874,0.013373059793274524,0.11939416469071225,11.683619693757832,0.2431646627079252
55.92794548253583,4.123963982180907,0.024044648395917103,0.02964892275388548,6.4588301849959215,0.09468898942170323
176.0405579166546,5.059778982828978,1.5305694045339072e-23,0.07764566324240757,0.0008322749765417858,0.15529180029865436
36.05998632366693,5.19437762941985,1.1171293143611847e-08,0.07050562324036815,5.4068646681871595,0.14101167672421736
