I,Q,alpha,gamma,c,width
20.513028055626194,1.9923676733110818,0.08858914280315522,2.1500497291759526e-14,11.407574324520237,0.20861148924500214
83.50453890708583,2.835189532562257,0.1669259415459544,0.027422979444861495,1.4338537667249067e-23,0.4232291050416974
25.97478237591207,3.4972828441850154,0.26464889065628266,4.835856348209684e-12,2.853864457262735e-21,0.6232005126177889
85.14243993592692,5.082281257317513,0.10573248219377258,0.06297698847274721,2.924856040108607e-26,0.32312348807347085
25.429592365989958,4.927384567854373,0.3072482630773023,2.0442605662626203e-22,2.9273704010316275e-26,0.723514368695374
