I,Q,alpha,gamma,c,width
35.05047880820109,1.835169598647006,0.007184374254814724,0.010961677332505396,10.233656018964865,0.03147676457309346
28.987680349144473,1.9886941073216127,0.11849644036891532,3.207282011878898e-23,2.014929171395223e-20,0.2790377930455364
18.286686528481876,2.1180733326674197,0.007276938693877555,0.015199007403843749,2.0150010389113083e-20,0.038472059832940025
79.00869578617976,2.8130282557685486,0.18433803441966806,1.5170185021005392e-26,1.4943307284516395e-33,0.43408289851303944
69.78233742338386,2.9963989102720996,0.013294930835960806,0.011094264050632198,2.4073687746682987e-33,0.04482829897347315
29.481160383246635,3.4748328290856034,0.329858702899693,1.1192611393054709e-10,3.3168168557215455e-33,0.776757885735777
37.847259426550735,2.9089617867794226,0.0357267987936171,1.1293119707440604e-19,1.2050287963583885e-33,0.08413018194399709
18.593341079614902,3.5173358279107703,5.754104452716994e-18,0.027195420985661432,8.100309184686315e-35,0.05439100792478747
102.03460977770744,5.075523000764836,0.10976931234899333,0.0762958234700604,6.377002336376677,0.3496405562299163
