I,Q,alpha,gamma,c,width
58.32242489136954,1.7933664387801702,0.012413676142433617,0.00913574553893731,7.016667576412948,0.04021165134564839
23.860007897547856,2.037616061726314,0.0891967625374817,9.200279139993485e-19,6.738449283661232,0.21004232437512754
1046.4432065615485,2.930292412005127,0.010585504069625773,0.011538843820088263,3.447199261675252,0.0394797331355211
35.1808365027687,3.5343272512859683,4.3499329585675983e-10,0.27581753643080054,0.0037963847234088414,0.551636755971261
33.79379547037328,3.4381031680555987,0.016380020400802768,0.008859611608925906,0.000716133406563328,0.04891639463068344
148.1027385775628,4.154465111226224,0.013668841634168994,0.013589049680258663,6.270696503450402,0.04911317970515549
228.22093157897956,5.079401791125961,0.010022718558331924,0.02971754273245765,1.5843865014646715e-21,0.06813587287688498
60.06941807947895,5.095989380367939,0.1758614181328955,0.031814755044024916,2.51926750194107e-23,0.44919578681287203
