I,Q,alpha,gamma,c,width
27.828379904592857,2.0054270811726203,0.12621134875293383,5.446840315959422e-16,1.7183301314237745e-16,0.29720501395380106
67.97853303251681,2.8467380452258553,0.19937582981340393,1.6208422226160144e-12,4.5280334874780264e-23,0.46949420054101576
105.62107835474791,2.914576304271815,2.6917851746108275e-23,0.027112058787155616,4.528208479669086e-23,0.05422428301907822
32.67888391730229,3.4966931224105684,0.24838925231174983,4.3197115883802507e-13,4.528282398094451e-23,0.5849119903144204
19.033388248437856,2.99479002619461,0.01654207800815592,4.198488302205531e-21,4.527889757560205e-23,0.0389536168800712
109.19994732595616,5.074981903349191,7.927086908487791e-15,0.14097440715233683,3.422775318945159e-17,0.2819496745668222
