I,Q,alpha,gamma,c,width
28.515590948202185,1.983075315508745,0.11875444828286463,4.422387485901438e-15,1.3738792817138155,0.27964535525308554
81.59729784521625,2.8318353922766364,0.19487993011813237,5.096827066015172e-22,4.061636335554132e-32,0.4589071658164087
18.17868971898937,2.745880101417127,0.01604039212669451,0.00602925380630422,2.621532067637811e-32,0.044633349848566095
17.413224511722387,3.1729729541946354,0.07718603742112805,2.4678763111030863e-25,6.53771379969125e-33,0.1817592281157813
112.50452777021883,5.061697074322603,1.7879916342501807e-13,0.17653234979604415,1.4745419264978055,0.3530657768379628
