I,Q,alpha,gamma,c,width
32.29155240934845,2.2651331554773155,0.011510116427965515,0.0016707004844713077,2.0213240313228407,0.028935140831329753
84.71811449358813,2.8311981663099437,0.19759177803489222,7.045070452570178e-18,1.088505608006027e-32,0.46529307964987027
34.5314451768009,2.745859639403606,0.01765704718321275,1.0194600149046354e-14,1.0210779609029278e-31,0.04157916864309755
20.49277538167172,3.2272892562254345,0.10033815239817236,2.288489495826568e-19,7.487707798489807e-32,0.23627829254858648
109.67178300491642,5.077126259490402,0.04536868111285527,0.1470557913427026,6.475983557196509e-08,0.3308695647892556
14.448859025142664,4.744574555886983,0.3701483131618188,2.033032891564286e-21,2.1052321471314568e-09,0.8716326674678441
