I,Q,alpha,gamma,c,width
31.870847528540878,1.9932996560017757,0.07784314277854236,0.07605385087690471,7.23838654534245e-15,0.27781799291700354
66.66024647905772,2.8458953771284077,0.15648392194647806,9.186033538881674e-19,13.084966432199167,0.368491476124625
26.08753360014092,3.507676505716246,0.23300211952417138,0.03344416126264536,1.0935087771629415e-16,0.5853189524952364
103.8805466888524,5.078427712868965,0.11886576575092904,0.06989203196337894,1.7550046300979558e-30,0.36209674908582107
16.15372137345864,4.755204812561141,0.1845346011234234,4.466910600302831e-12,2.0307430191026947e-30,0.4345457777320042
