I,Q,alpha,gamma,c,width
60.38864788217826,1.7928525928911396,0.013186879364938323,0.014851167365779494,8.677717404502358,0.049869493935716526
30.15992741772117,2.056383715717837,3.8406148454574416e-14,0.02806775747492192,16.361085733730114,0.05613568622653042
591.9721207432826,2.9260259872971393,0.007440887074385186,0.015447857878069791,5.810459925701638,0.039183416093636236
34.5779304855121,3.5254579198335354,1.3918657449527536e-08,0.23798316791733462,0.013185992486662954,0.47596778806926854
38.25215390456645,3.4316255929182296,0.023330543497204145,0.004516040968923249,0.013375080440368779,0.059928360990596646
444.96779439966184,2.9141190259560377,0.012382662893218595,0.013063397206629787,0.012988096876145574,0.04556005967563051
133.9691031796328,4.141155747933855,0.020104718400865956,0.010634963378826617,8.693093916935855,0.059737740964871985
241.50588501083635,5.066317352759581,0.007916915113182623,0.03828110537187095,8.44298570929568e-20,0.08114480629166285
51.15238755029993,5.109854683372498,0.21272281499126613,4.419896829145956e-12,1.3505797730248867e-20,0.5009239487815694
