I,Q,alpha,gamma,c,width
31.692400784150834,2.027264027118671,0.08479845322345282,3.730416208515689e-08,8.74368524509606,0.19968513732381915
35.97583190087365,1.8028091760557488,0.003806038514308736,0.04639011735952406,4.499513541716919e-05,0.09370084741247475
320.28239307359763,2.9086839671482974,0.019117742388661353,0.03248225345392149,2.6661660537870085e-05,0.08895946465578641
260.64414620152803,2.916692554648091,0.01733087875241222,1.13874442206054e-15,2.6562303639816185,0.040811100684182484
15.79910018754567,2.6981896041549773,7.681499124771772e-08,0.024157150806077776,0.4579077218358189,0.0483144490260404
25.113827353501335,3.4829866758842067,0.09728738524108908,1.0516790412136202e-12,15.698591434724307,0.22909428489548916
62.370108829630176,4.12489563476037,0.02875806829382192,0.019147828183304894,3.127797395588493,0.09049903128478957
183.46424484232617,5.060509528423752,2.320120143707984e-29,0.07622871948754031,7.59423178567974,0.15245790414236404
18.53769533527395,5.216898901602857,0.0833397322505119,1.2504167538125957e-30,0.16280884557058561,0.1962500720510177
