I,Q,alpha,gamma,c,width
26.490976425316198,1.7990867227891105,3.1767559005404724e-12,0.03332904082394381,10.523254668066118,0.06665828503028054
25.95000558060674,2.017457656347237,0.08766145907817469,3.699874466658404e-13,6.420911625380039,0.20642696101434163
25.92838139456384,2.6100073783228144,9.707262559224598e-15,0.023435814736563088,1.4638650749892668,0.04687177248450494
579.589140456817,2.915560704872168,0.007751779379167841,0.022910401897466834,6.992471270709554,0.052566638044491645
0.6955450958202949,-1.3960087633789209,2.0000526676629753,2.00000149486006,3.894514152514206e-21,7.202736024468985
28.508690260876747,3.485840946398095,0.0519267452975605,0.11675681430573621,6.006624712156418,0.28842991154449277
63.065244044941025,4.129034537693776,0.029723181833125417,0.013953697851931224,2.9680896277177995,0.08610691394949063
167.33579126172006,5.063192257961911,6.749813577773149e-23,0.07323625567896115,5.033933164474175,0.14647295826442067
15.558951830180801,5.2338398138675535,0.08122808831437692,9.15732126254304e-21,0.002192038442740934,0.19127753058223898
