I,Q,alpha,gamma,c,width
78.67784805739743,1.8097015603525985,0.033550387327449055,1.234907852824996e-16,19.32151395265597,0.07900512459722951
29.699678832727578,2.0535064638723215,0.08929126722299784,6.149167898232677e-13,14.20096479837708,0.21026486590358776
722.4928010978965,2.919946543799567,0.011460055337964691,0.01917901201804846,1.6826110445077733,0.052862897129688335
93.00616144775117,2.9852264245686957,0.01697181914659605,0.019161799037517628,9.331545796803773,0.06425270844526415
34.97370429303696,3.5155836451647664,3.3918432624447445e-09,0.13298675179161273,17.24786647046686,0.2659743151026436
35.24645596524638,3.434007557576471,0.017596601869232495,0.018442379745611734,0.012558098070287758,0.06457048316243172
98.94343122672164,4.137089395787656,0.008658020739857733,0.028468375695986342,7.529106221256833,0.06387259649361497
224.2000647655169,5.063489962940336,8.324689861464471e-26,0.05369685744631169,4.5387889461521675,0.10739404256468024
44.61882718708237,5.181482438945868,5.178220256333302e-14,0.06836475888634497,7.0746115771831555,0.13672993495205993
