I,Q,alpha,gamma,c,width
22.738060961412344,2.0324852055302154,0.05932727731131915,1.8896617466252126e-29,14.721324301156875,0.1397050618298042
29.28905802978676,1.7971306751558185,0.02017934298059351,0.011340745111111909,0.6407442564493353,0.06080261115198264
715.3308236459802,2.918435823681231,0.013205941890101498,0.017579854259747552,4.965054998684695,0.05393643976888719
0.0024036000491744597,-40.0168931647386,4.519889960946305,2.155969515734433,1.7393054459665277e-05,13.13622357323912
24.713352534511753,3.533562134424774,1.0906769880383977e-07,0.18249075450845645,5.761531706294512,0.3649826226227021
25.169944384409494,3.4312657475927226,0.016306407469463897,0.019960966709108026,0.0021575820714256175,0.0639998007111308
102.42305166482441,4.136242821608405,0.019270477859319683,0.019031722621249136,1.4564848060569517,0.06906241845266885
212.26096577298028,5.063268457942626,4.440474118993705e-19,0.0602104014525513,8.564679139921637,0.1204211703244829
19.262623556418557,5.21906328974391,0.08656597096444434,6.862314471346614e-17,0.020563843623215464,0.20384728364464075
