I,Q,alpha,gamma,c,width
28.515591209295092,1.9830753155846212,0.11875444949264759,6.376034823590035e-17,1.3738789889756433,0.27964535810190205
13.292589247775195,2.2659704344148164,0.012682272785518322,4.490748165160873e-19,3.066822838645231,0.02986447017188904
81.59727468934022,2.8318354732206075,0.19488001035793842,7.966431495597188e-22,8.430085833221475e-32,0.4589073547667124
18.1787232244894,2.7458801125741865,0.016040259157435094,0.006029492535477001,4.917542419949776e-32,0.044633328036686584
17.413204969300118,3.172972650663374,0.07718545687521627,2.713016543339597e-23,1.1406943496480466e-32,0.18175786103463118
33.12752017111718,3.4997124985227677,1.642864378593024e-15,0.33901258411748353,3.5128452523951594,0.6780272369770876
112.4898248600245,5.073329136349988,0.07543361827582744,0.1327251077845267,8.140323830884803e-15,0.35827928118717545
14.015158085229702,4.712636791246445,0.18408094674904416,8.54197726294059e-15,5.523206059807716e-25,0.4334775033129331
