I,Q,alpha,gamma,c,width
31.87084873962005,1.9932996595263874,0.07784307222341334,0.07605392602511503,6.357340420861644e-15,0.2778179434766883
79.00632439069607,2.8411882927246723,0.16893345186074807,0.020915024387159153,3.896397281511752e-09,0.42064629412251686
13.538904927266083,3.2429176592584006,0.12220042678402993,5.291910653254825e-16,5.367125189261466e-10,0.28776001450237115
26.087533581330916,3.507676505563748,0.23300212250210298,0.03344415681358836,6.698615123868974e-16,0.585318954504958
81.88692867629766,5.084213967632164,0.1895782380090674,3.8698778133125826e-14,1.8887316048055177e-33,0.4464226349654415
18.265501883505273,4.733635130479234,0.2184852469676505,1.1022522725329582e-14,6.745739485459239e-34,0.5144934391029726
23.972009626888585,5.0699976423985476,0.07458476748945062,4.0044570344359307e-22,3.754167122936979e-34,0.17563370553813099
