I,Q,alpha,gamma,c,width
20.513017862212067,1.9923675912362615,0.08858904285902724,1.5364011322457448e-13,11.407589863962135,0.20861125389470753
79.24695969701486,2.8281825849140225,0.1822752562294693,0.007132698000530889,1.0099615857641225e-24,0.4369030511939856
26.358373224258038,3.487837272731783,0.27924659969064614,7.05194409381059e-26,1.0099147665391825e-24,0.6575754904582668
12.394400750511087,2.900598523708668,0.03356268829955144,1.0360697089631506e-30,1.0096294211608997e-24,0.07903409117290944
91.48529699191904,5.080746216617024,0.12473268897857845,6.295230807881212e-30,3.712329417434996e-35,0.2937230362773675
33.60394162678632,4.856024032211826,0.03108007553215449,0.21048800367971687,1.04457871932332e-38,0.43420086565508875
16.4099972865882,5.293249866910889,0.08772120461299239,2.597755661403105e-39,8.108703990263364e-40,0.20656765099693586
