I,Q,alpha,gamma,c,width
32.11263639851213,2.0091330497623905,0.9999999171759593,0.7209315154917858,0.1495386039848773,0.10570467940191537,1e-10,3.2193871515413672
78.63429569637223,2.850917567441145,2.1865461876024388e-12,0.9999999816486684,0.19143168679179765,0.180043192989929,1e-10,2.0000060655548326
4.9372390482335815,3.303765044568418,4.748304266769168e-13,0.7115989310979611,0.07350118283433846,0.09749556775302173,1e-10,1.423202204555913
26.756993061904616,3.5196937202463476,0.9999999999766304,0.9999953144534488,0.09999999999999999,0.09999999999999999,1e-10,3.6013026745596823
108.95215666018754,5.066918871600728,0.9999976872484059,0.9999997738694529,0.09999999996889518,0.099999993851171,1e-10,3.601303903676991
